-- =============================================================================
-- Satış Defteri — EKRAN GÖRÜNTÜSÜ İÇİN DEMO (SENTETİK) VERİ
-- =============================================================================
-- Supabase Dashboard → SQL Editor → New query → yapıştır → Run.
--
-- ⚠️ TEK YAPMAN GEREKEN: Aşağıdaki v_email değerini, UYGULAMAYA GİRİŞ YAPTIĞIN
--    e-posta ile değiştir (Supabase Auth'taki kullanıcı e-postası).
--
-- • Script tekrar çalıştırılabilir: sabit UUID kullanır, baştan kendi demo
--   satırlarını siler. Senin GERÇEK kayıtlarına (rastgele UUID) DOKUNMAZ.
-- • Ekran görüntülerini aldıktan sonra en sondaki "TEMİZLİK" bloğunu çalıştırıp
--   tüm demo veriyi tek seferde silebilirsin.
-- =============================================================================

do $$
declare
  v_email text := 'ibrahim451914@gmail.com';   -- <<< UYGULAMA GİRİŞ E-POSTAN
  v_uid   uuid;
begin
  select id into v_uid from auth.users where lower(email) = lower(v_email);
  if v_uid is null then
    raise exception 'Kullanıcı bulunamadı: %  → v_email değerini düzelt.', v_email;
  end if;

  -- ---------- ÖNCE ESKİ DEMO VERİYİ TEMİZLE (yalnızca sabit demo UUID'leri) ----------
  delete from sale_items     where sale_id::text     like '50000000-0000-4000-8000-%';
  delete from purchase_items where purchase_id::text like '60000000-0000-4000-8000-%';
  delete from sales          where id::text          like '50000000-0000-4000-8000-%';
  delete from purchases      where id::text          like '60000000-0000-4000-8000-%';
  delete from products       where id::text          like 'b0000000-0000-4000-8000-%';
  delete from customers      where id::text          like 'c0000000-0000-4000-8000-%';
  delete from profiles       where id::text          like 'a0000000-0000-4000-8000-%';

  -- ---------- PROFİLLER ----------
  insert into profiles (id, user_id, name, role) values
    ('a0000000-0000-4000-8000-000000000001', v_uid, 'Ana Mağaza',        'Yönetici'),
    ('a0000000-0000-4000-8000-000000000002', v_uid, 'Trendyol Mağazam',  'Yönetici');

  -- ---------- MÜŞTERİLER ----------
  insert into customers (id, user_id, name) values
    ('c0000000-0000-4000-8000-000000000001', v_uid, 'Ayşe Yılmaz'),
    ('c0000000-0000-4000-8000-000000000002', v_uid, 'Mehmet Demir'),
    ('c0000000-0000-4000-8000-000000000003', v_uid, 'Zeynep Kaya'),
    ('c0000000-0000-4000-8000-000000000004', v_uid, 'Can Öztürk'),
    ('c0000000-0000-4000-8000-000000000005', v_uid, 'Elif Şahin'),
    ('c0000000-0000-4000-8000-000000000006', v_uid, 'Burak Aydın');

  -- ---------- ÜRÜNLER ----------
  insert into products
    (id, user_id, name, sale_price, production_cost, stock_quantity, sold_count,
     category, tags, is_favorite, photos, profile_id) values
    ('b0000000-0000-4000-8000-000000000001', v_uid, 'Makrome Duvar Süsü',     450, 180, 12, 36, 'Ev Dekorasyonu', ARRAY['makrome','duvar','el yapımı'], true,  '{}', 'a0000000-0000-4000-8000-000000000001'),
    ('b0000000-0000-4000-8000-000000000002', v_uid, 'El Yapımı Mum Seti',     220,  90, 40, 60, 'Mum & Koku',     ARRAY['mum','soya','hediyelik'],       false, '{}', 'a0000000-0000-4000-8000-000000000001'),
    ('b0000000-0000-4000-8000-000000000003', v_uid, 'Seramik Kupa',           150,  60, 25, 52, 'Seramik',        ARRAY['kupa','seramik'],               false, '{}', 'a0000000-0000-4000-8000-000000000001'),
    ('b0000000-0000-4000-8000-000000000004', v_uid, 'Örgü Bebek Battaniyesi', 380, 160,  8, 22, 'Tekstil',        ARRAY['örgü','bebek','battaniye'],     true,  '{}', 'a0000000-0000-4000-8000-000000000001'),
    ('b0000000-0000-4000-8000-000000000005', v_uid, 'Ahşap Takı Kutusu',      290, 120, 15, 14, 'Ahşap',          ARRAY['ahşap','takı','kutu'],          false, '{}', 'a0000000-0000-4000-8000-000000000001'),
    ('b0000000-0000-4000-8000-000000000006', v_uid, 'Lavanta Sabunu',          75,  25, 60, 95, 'Kozmetik',       ARRAY['sabun','lavanta','doğal'],      false, '{}', 'a0000000-0000-4000-8000-000000000001'),
    ('b0000000-0000-4000-8000-000000000007', v_uid, 'Cam Fanus Teraryum',     520, 210,  6, 10, 'Bitki & Bahçe',  ARRAY['teraryum','cam','bitki'],       true,  '{}', 'a0000000-0000-4000-8000-000000000002'),
    ('b0000000-0000-4000-8000-000000000008', v_uid, 'Deri Cüzdan',            340, 140, 18, 29, 'Deri Ürünler',   ARRAY['deri','cüzdan','el yapımı'],    false, '{}', 'a0000000-0000-4000-8000-000000000002');

  -- ---------- SATIŞLAR ----------
  -- status='completed' olanlar istatistik/kasa/grafiklere girer.
  insert into sales
    (id, user_id, customer_id, sale_date, platform, status, tracking_number, total_amount, profile_id) values
    ('50000000-0000-4000-8000-000000000001', v_uid, 'c0000000-0000-4000-8000-000000000001', '2026-01-07', 'Trendyol',    'completed', null, 450, 'a0000000-0000-4000-8000-000000000001'),
    ('50000000-0000-4000-8000-000000000002', v_uid, 'c0000000-0000-4000-8000-000000000002', '2026-01-20', 'Instagram',   'completed', null, 300, 'a0000000-0000-4000-8000-000000000001'),
    ('50000000-0000-4000-8000-000000000003', v_uid, 'c0000000-0000-4000-8000-000000000003', '2026-02-05', 'Hepsiburada', 'completed', null, 450, 'a0000000-0000-4000-8000-000000000001'),
    ('50000000-0000-4000-8000-000000000004', v_uid, 'c0000000-0000-4000-8000-000000000004', '2026-02-18', 'Trendyol',    'completed', null, 380, 'a0000000-0000-4000-8000-000000000001'),
    ('50000000-0000-4000-8000-000000000005', v_uid, 'c0000000-0000-4000-8000-000000000005', '2026-03-08', 'Etsy',        'completed', null, 520, 'a0000000-0000-4000-8000-000000000002'),
    ('50000000-0000-4000-8000-000000000006', v_uid, 'c0000000-0000-4000-8000-000000000006', '2026-03-22', 'Instagram',   'completed', null, 440, 'a0000000-0000-4000-8000-000000000001'),
    ('50000000-0000-4000-8000-000000000007', v_uid, 'c0000000-0000-4000-8000-000000000001', '2026-04-03', 'Trendyol',    'completed', null, 340, 'a0000000-0000-4000-8000-000000000002'),
    ('50000000-0000-4000-8000-000000000008', v_uid, 'c0000000-0000-4000-8000-000000000002', '2026-04-15', 'Shopify',     'completed', null, 440, 'a0000000-0000-4000-8000-000000000001'),
    ('50000000-0000-4000-8000-000000000009', v_uid, 'c0000000-0000-4000-8000-000000000003', '2026-04-27', 'Instagram',   'completed', null, 300, 'a0000000-0000-4000-8000-000000000001'),
    ('50000000-0000-4000-8000-000000000010', v_uid, 'c0000000-0000-4000-8000-000000000004', '2026-05-06', 'Trendyol',    'completed', null, 450, 'a0000000-0000-4000-8000-000000000001'),
    ('50000000-0000-4000-8000-000000000011', v_uid, 'c0000000-0000-4000-8000-000000000005', '2026-05-17', 'Hepsiburada', 'completed', null, 530, 'a0000000-0000-4000-8000-000000000001'),
    ('50000000-0000-4000-8000-000000000012', v_uid, 'c0000000-0000-4000-8000-000000000006', '2026-05-29', 'Etsy',        'completed', null, 660, 'a0000000-0000-4000-8000-000000000001'),
    ('50000000-0000-4000-8000-000000000013', v_uid, 'c0000000-0000-4000-8000-000000000001', '2026-06-03', 'Trendyol',    'completed', null, 375, 'a0000000-0000-4000-8000-000000000001'),
    ('50000000-0000-4000-8000-000000000014', v_uid, 'c0000000-0000-4000-8000-000000000002', '2026-06-11', 'Instagram',   'completed', null, 340, 'a0000000-0000-4000-8000-000000000002'),
    ('50000000-0000-4000-8000-000000000015', v_uid, 'c0000000-0000-4000-8000-000000000003', '2026-06-13', 'Hepsiburada', 'completed', null, 300, 'a0000000-0000-4000-8000-000000000001'),
    ('50000000-0000-4000-8000-000000000016', v_uid, 'c0000000-0000-4000-8000-000000000004', '2026-06-19', 'Trendyol',    'completed', null, 450, 'a0000000-0000-4000-8000-000000000001'),
    ('50000000-0000-4000-8000-000000000017', v_uid, 'c0000000-0000-4000-8000-000000000005', '2026-06-24', 'Etsy',        'completed', null, 380, 'a0000000-0000-4000-8000-000000000001'),
    ('50000000-0000-4000-8000-000000000018', v_uid, 'c0000000-0000-4000-8000-000000000006', '2026-06-26', 'Instagram',   'completed', null, 590, 'a0000000-0000-4000-8000-000000000001'),
    -- Farklı kargo durumları (liste + rozet çeşitliliği için; istatistiğe girmez):
    ('50000000-0000-4000-8000-000000000019', v_uid, 'c0000000-0000-4000-8000-000000000001', '2026-06-25', 'Trendyol',    'shipped',   'TR123456789', 290, 'a0000000-0000-4000-8000-000000000002'),
    ('50000000-0000-4000-8000-000000000020', v_uid, 'c0000000-0000-4000-8000-000000000002', '2026-06-22', 'Instagram',   'packaging', 'IG987654321', 520, 'a0000000-0000-4000-8000-000000000001'),
    ('50000000-0000-4000-8000-000000000021', v_uid, 'c0000000-0000-4000-8000-000000000003', '2026-06-15', 'Hepsiburada', 'delayed',   'HB555444333', 340, 'a0000000-0000-4000-8000-000000000002'),
    ('50000000-0000-4000-8000-000000000022', v_uid, 'c0000000-0000-4000-8000-000000000004', '2026-05-30', 'Trendyol',    'canceled',  null, 450, 'a0000000-0000-4000-8000-000000000001');

  -- ---------- SATIŞ KALEMLERİ ----------
  insert into sale_items (sale_id, product_id, name, custom_sale_price, quantity) values
    ('50000000-0000-4000-8000-000000000001', 'b0000000-0000-4000-8000-000000000001', 'Makrome Duvar Süsü',     450, 1),
    ('50000000-0000-4000-8000-000000000002', 'b0000000-0000-4000-8000-000000000006', 'Lavanta Sabunu',          75, 4),
    ('50000000-0000-4000-8000-000000000003', 'b0000000-0000-4000-8000-000000000003', 'Seramik Kupa',           150, 3),
    ('50000000-0000-4000-8000-000000000004', 'b0000000-0000-4000-8000-000000000004', 'Örgü Bebek Battaniyesi', 380, 1),
    ('50000000-0000-4000-8000-000000000005', 'b0000000-0000-4000-8000-000000000007', 'Cam Fanus Teraryum',     520, 1),
    ('50000000-0000-4000-8000-000000000006', 'b0000000-0000-4000-8000-000000000002', 'El Yapımı Mum Seti',     220, 2),
    ('50000000-0000-4000-8000-000000000007', 'b0000000-0000-4000-8000-000000000008', 'Deri Cüzdan',            340, 1),
    ('50000000-0000-4000-8000-000000000008', 'b0000000-0000-4000-8000-000000000005', 'Ahşap Takı Kutusu',      290, 1),
    ('50000000-0000-4000-8000-000000000008', 'b0000000-0000-4000-8000-000000000006', 'Lavanta Sabunu',          75, 2),
    ('50000000-0000-4000-8000-000000000009', 'b0000000-0000-4000-8000-000000000003', 'Seramik Kupa',           150, 2),
    ('50000000-0000-4000-8000-000000000010', 'b0000000-0000-4000-8000-000000000001', 'Makrome Duvar Süsü',     450, 1),
    ('50000000-0000-4000-8000-000000000011', 'b0000000-0000-4000-8000-000000000004', 'Örgü Bebek Battaniyesi', 380, 1),
    ('50000000-0000-4000-8000-000000000011', 'b0000000-0000-4000-8000-000000000003', 'Seramik Kupa',           150, 1),
    ('50000000-0000-4000-8000-000000000012', 'b0000000-0000-4000-8000-000000000002', 'El Yapımı Mum Seti',     220, 3),
    ('50000000-0000-4000-8000-000000000013', 'b0000000-0000-4000-8000-000000000006', 'Lavanta Sabunu',          75, 5),
    ('50000000-0000-4000-8000-000000000014', 'b0000000-0000-4000-8000-000000000008', 'Deri Cüzdan',            340, 1),
    ('50000000-0000-4000-8000-000000000015', 'b0000000-0000-4000-8000-000000000003', 'Seramik Kupa',           150, 2),
    ('50000000-0000-4000-8000-000000000016', 'b0000000-0000-4000-8000-000000000001', 'Makrome Duvar Süsü',     450, 1),
    ('50000000-0000-4000-8000-000000000017', 'b0000000-0000-4000-8000-000000000004', 'Örgü Bebek Battaniyesi', 380, 1),
    ('50000000-0000-4000-8000-000000000018', 'b0000000-0000-4000-8000-000000000002', 'El Yapımı Mum Seti',     220, 2),
    ('50000000-0000-4000-8000-000000000018', 'b0000000-0000-4000-8000-000000000006', 'Lavanta Sabunu',          75, 2),
    ('50000000-0000-4000-8000-000000000019', 'b0000000-0000-4000-8000-000000000005', 'Ahşap Takı Kutusu',      290, 1),
    ('50000000-0000-4000-8000-000000000020', 'b0000000-0000-4000-8000-000000000007', 'Cam Fanus Teraryum',     520, 1),
    ('50000000-0000-4000-8000-000000000021', 'b0000000-0000-4000-8000-000000000008', 'Deri Cüzdan',            340, 1),
    ('50000000-0000-4000-8000-000000000022', 'b0000000-0000-4000-8000-000000000001', 'Makrome Duvar Süsü',     450, 1);

  -- ---------- ALIŞLAR (GİDER) ----------
  -- fetchPurchases status'e bakmaz; tümü gidere sayılır.
  insert into purchases
    (id, user_id, supplier_name, purchase_date, payment_type, status, total_amount, photos, profile_id) values
    ('60000000-0000-4000-8000-000000000001', v_uid, 'İpek Tekstil',      '2026-01-15', 'Havale',       'completed', 440, '{}', 'a0000000-0000-4000-8000-000000000001'),
    ('60000000-0000-4000-8000-000000000002', v_uid, 'Mum Atölyesi',      '2026-02-09', 'Nakit',        'completed', 240, '{}', 'a0000000-0000-4000-8000-000000000001'),
    ('60000000-0000-4000-8000-000000000003', v_uid, 'Seramik Toptan',    '2026-03-18', 'Kredi Kartı',  'completed', 500, '{}', 'a0000000-0000-4000-8000-000000000001'),
    ('60000000-0000-4000-8000-000000000004', v_uid, 'Deri Dünyası',      '2026-04-11', 'Havale',       'completed', 300, '{}', 'a0000000-0000-4000-8000-000000000002'),
    ('60000000-0000-4000-8000-000000000005', v_uid, 'Lavanta Çiftliği',  '2026-05-08', 'Nakit',        'completed', 260, '{}', 'a0000000-0000-4000-8000-000000000001'),
    ('60000000-0000-4000-8000-000000000006', v_uid, 'Makrome Evi',       '2026-06-06', 'Kredi Kartı',  'completed', 350, '{}', 'a0000000-0000-4000-8000-000000000001'),
    ('60000000-0000-4000-8000-000000000007', v_uid, 'Cam Sanat',         '2026-06-20', 'Havale',       'completed', 380, '{}', 'a0000000-0000-4000-8000-000000000002'),
    ('60000000-0000-4000-8000-000000000008', v_uid, 'Ambalaj Market',    '2026-06-12', 'Nakit',        'packaging', 600, '{}', 'a0000000-0000-4000-8000-000000000001');

  -- ---------- ALIŞ KALEMLERİ ----------
  insert into purchase_items (purchase_id, name, custom_purchase_price, quantity) values
    ('60000000-0000-4000-8000-000000000001', 'Örgü ipi (koli)',       110,   4),
    ('60000000-0000-4000-8000-000000000002', 'Soya wax (kg)',          40,   6),
    ('60000000-0000-4000-8000-000000000003', 'Ham kupa',               50,  10),
    ('60000000-0000-4000-8000-000000000004', 'Deri parça',            100,   3),
    ('60000000-0000-4000-8000-000000000005', 'Lavanta yağı (lt)',     130,   2),
    ('60000000-0000-4000-8000-000000000006', 'Makrome ipi',            70,   5),
    ('60000000-0000-4000-8000-000000000007', 'Cam fanus',              95,   4),
    ('60000000-0000-4000-8000-000000000008', 'Kargo kutusu (100lü)',    6, 100);

  raise notice 'Demo veri yüklendi. Kullanıcı: %', v_email;
end $$;


-- =============================================================================
-- TEMİZLİK (ekran görüntüleri bittikten sonra çalıştır — tüm demoyu siler)
-- =============================================================================
-- delete from sale_items     where sale_id::text     like '50000000-0000-4000-8000-%';
-- delete from purchase_items where purchase_id::text like '60000000-0000-4000-8000-%';
-- delete from sales          where id::text          like '50000000-0000-4000-8000-%';
-- delete from purchases      where id::text          like '60000000-0000-4000-8000-%';
-- delete from products       where id::text          like 'b0000000-0000-4000-8000-%';
-- delete from customers      where id::text          like 'c0000000-0000-4000-8000-%';
-- delete from profiles       where id::text          like 'a0000000-0000-4000-8000-%';
